{"stats":{"minecraft:crafted":{"minecraft:spruce_planks":8},"minecraft:used":{"minecraft:dirt":4,"minecraft:red_bed":3,"minecraft:bread":8,"minecraft:spider_eye":1,"minecraft:spruce_planks":1,"minecraft:snowball":3,"minecraft:spruce_log":3},"minecraft:picked_up":{"minecraft:stick":2,"minecraft:stonecutter":1,"minecraft:shears":1,"minecraft:spruce_planks":1,"minecraft:spruce_log":6,"minecraft:spider_eye":1,"minecraft:dirt":4,"minecraft:red_bed":3},"minecraft:custom":{"minecraft:time_since_rest":5208,"minecraft:open_chest":11,"minecraft:crouch_one_cm":87,"minecraft:sprint_one_cm":69794,"minecraft:play_time":23520,"minecraft:damage_taken":347,"minecraft:walk_one_cm":148377,"minecraft:sneak_time":11,"minecraft:walk_under_water_one_cm":582,"minecraft:jump":400,"minecraft:damage_dealt":111,"minecraft:leave_game":1,"minecraft:walk_on_water_one_cm":110,"minecraft:time_since_death":23520,"minecraft:sleep_in_bed":5,"minecraft:total_world_time":23520,"minecraft:fall_one_cm":8482,"minecraft:fly_one_cm":51469,"minecraft:player_kills":1},"minecraft:mined":{"minecraft:grass_block":1,"minecraft:spruce_planks":1,"minecraft:red_bed":2,"minecraft:spruce_log":7}},"DataVersion":3465}