{"stats":{"minecraft:killed":{"minecraft:pig":10,"minecraft:zombie_villager":1,"minecraft:salmon":4,"minecraft:sheep":13,"minecraft:zombie":2,"minecraft:chicken":3,"minecraft:cow":2},"minecraft:custom":{"minecraft:interact_with_furnace":8,"minecraft:mob_kills":35,"minecraft:interact_with_crafting_table":17,"minecraft:leave_game":1,"minecraft:time_since_death":1561,"minecraft:sleep_in_bed":4,"minecraft:climb_one_cm":2312,"minecraft:time_since_rest":1593,"minecraft:sprint_one_cm":559480,"minecraft:damage_taken":5119,"minecraft:walk_one_cm":277842,"minecraft:drop":9,"minecraft:damage_dealt":2962,"minecraft:swim_one_cm":11244,"minecraft:fly_one_cm":334033,"minecraft:open_chest":14,"minecraft:crouch_one_cm":186,"minecraft:play_time":117547,"minecraft:deaths":13,"minecraft:sneak_time":315,"minecraft:walk_under_water_one_cm":1294,"minecraft:jump":2463,"minecraft:walk_on_water_one_cm":16162,"minecraft:total_world_time":117547,"minecraft:fall_one_cm":120799},"minecraft:killed_by":{"minecraft:skeleton":3,"minecraft:creeper":1,"minecraft:iron_golem":1},"minecraft:picked_up":{"minecraft:birch_log":38,"minecraft:crafting_table":1,"minecraft:feather":2,"minecraft:chicken":3,"minecraft:salmon":3,"minecraft:brown_wool":2,"minecraft:leather":4,"minecraft:magenta_dye":4,"minecraft:oak_log":19,"minecraft:dirt":45,"minecraft:wheat_seeds":2,"minecraft:beef":4,"minecraft:stone_pickaxe":3,"minecraft:rose_bush":4,"minecraft:light_gray_wool":1,"minecraft:sugar_cane":2,"minecraft:birch_sapling":3,"minecraft:oak_planks":73,"minecraft:egg":2,"minecraft:raw_iron":1,"minecraft:stick":3,"minecraft:pumpkin":3,"minecraft:sweet_berries":23,"minecraft:torch":1,"minecraft:porkchop":17,"minecraft:white_bed":2,"minecraft:spruce_log":6,"minecraft:lily_of_the_valley":1,"minecraft:pumpkin_seeds":4,"minecraft:rotten_flesh":8,"minecraft:stone_shovel":1,"minecraft:stone_axe":1,"minecraft:peony":9,"minecraft:oak_sapling":1,"minecraft:coal":30,"minecraft:black_wool":2,"minecraft:mutton":21,"minecraft:white_wool":7,"minecraft:cobblestone":289},"minecraft:dropped":{"minecraft:stone_axe":1,"minecraft:birch_sapling":1,"minecraft:stone_shovel":1,"minecraft:cobblestone":5,"minecraft:lily_of_the_valley":1,"minecraft:dirt":29,"minecraft:stone_pickaxe":2,"minecraft:magenta_dye":4},"minecraft:crafted":{"minecraft:wooden_sword":2,"minecraft:oak_planks":76,"minecraft:crafting_table":1,"minecraft:spruce_planks":24,"minecraft:pink_bed":1,"minecraft:wooden_pickaxe":2,"minecraft:furnace":2,"minecraft:cooked_salmon":3,"minecraft:birch_planks":120,"minecraft:stone_axe":1,"minecraft:pink_dye":2,"minecraft:cooked_mutton":3,"minecraft:ladder":24,"minecraft:stick":100,"minecraft:stone_pickaxe":2,"minecraft:wooden_axe":2,"minecraft:stone_sword":2,"minecraft:white_bed":1,"minecraft:torch":40},"minecraft:mined":{"minecraft:white_bed":3,"minecraft:powder_snow":12,"minecraft:crafting_table":1,"minecraft:grass_block":8,"minecraft:rose_bush":5,"minecraft:cobblestone":22,"minecraft:spruce_leaves":2,"minecraft:sugar_cane":1,"minecraft:wall_torch":1,"minecraft:large_fern":1,"minecraft:birch_log":38,"minecraft:iron_ore":1,"minecraft:sweet_berry_bush":8,"minecraft:spruce_log":6,"minecraft:birch_leaves":37,"minecraft:pumpkin":4,"minecraft:peony":9,"minecraft:grass":7,"minecraft:coal_ore":30,"minecraft:oak_log":20,"minecraft:dirt":6,"minecraft:stone":230,"minecraft:oak_leaves":73,"minecraft:fern":2},"minecraft:broken":{"minecraft:stone_pickaxe":1,"minecraft:wooden_sword":1,"minecraft:wooden_axe":1,"minecraft:wooden_pickaxe":2},"minecraft:used":{"minecraft:cooked_mutton":3,"minecraft:stone_sword":79,"minecraft:rose_bush":4,"minecraft:stone_pickaxe":173,"minecraft:ladder":11,"minecraft:wooden_pickaxe":118,"minecraft:cooked_chicken":3,"minecraft:rotten_flesh":7,"minecraft:torch":31,"minecraft:dirt":2,"minecraft:mutton":11,"minecraft:crafting_table":2,"minecraft:white_bed":2,"minecraft:wooden_axe":64,"minecraft:bread":2,"minecraft:pink_bed":1,"minecraft:stone_axe":11,"minecraft:wooden_sword":117,"minecraft:cobblestone":45,"minecraft:beef":4,"minecraft:sweet_berries":23,"minecraft:furnace":2,"minecraft:porkchop":11,"minecraft:egg":1}},"DataVersion":3465}