{"stats":{"minecraft:crafted":{"minecraft:oak_planks":904,"minecraft:wooden_shovel":1,"minecraft:crafting_table":5,"minecraft:spruce_planks":80,"minecraft:wooden_pickaxe":3,"minecraft:cooked_chicken":3,"minecraft:cooked_mutton":7,"minecraft:wooden_hoe":1,"minecraft:shield":1,"minecraft:stick":44,"minecraft:iron_pickaxe":1,"minecraft:stone_pickaxe":1,"minecraft:wooden_axe":6,"minecraft:chest":1,"minecraft:iron_leggings":1,"minecraft:white_bed":2,"minecraft:torch":24},"minecraft:dropped":{"minecraft:stone_axe":1,"minecraft:cooked_mutton":2,"minecraft:stick":7},"minecraft:custom":{"minecraft:interact_with_furnace":9,"minecraft:mob_kills":34,"minecraft:interact_with_crafting_table":24,"minecraft:leave_game":3,"minecraft:time_since_death":48433,"minecraft:sleep_in_bed":8,"minecraft:time_since_rest":18805,"minecraft:sprint_one_cm":717163,"minecraft:damage_taken":3841,"minecraft:walk_one_cm":775240,"minecraft:damage_blocked_by_shield":60,"minecraft:drop":10,"minecraft:damage_dealt":3419,"minecraft:fly_one_cm":493271,"minecraft:open_chest":28,"minecraft:crouch_one_cm":109,"minecraft:play_time":184686,"minecraft:deaths":11,"minecraft:sneak_time":32,"minecraft:jump":4395,"minecraft:total_world_time":184686,"minecraft:fall_one_cm":120403},"minecraft:used":{"minecraft:cooked_mutton":7,"minecraft:rabbit":2,"minecraft:stone_pickaxe":140,"minecraft:oak_planks":840,"minecraft:poppy":1,"minecraft:shield":2,"minecraft:chest":1,"minecraft:spruce_planks":63,"minecraft:wooden_pickaxe":131,"minecraft:wooden_shovel":69,"minecraft:cooked_chicken":1,"minecraft:torch":15,"minecraft:dirt":33,"minecraft:mutton":17,"minecraft:lily_of_the_valley":1,"minecraft:crafting_table":6,"minecraft:white_bed":4,"minecraft:wooden_axe":287,"minecraft:apple":1,"minecraft:iron_pickaxe":113,"minecraft:chicken":9,"minecraft:birch_sapling":4,"minecraft:stone_axe":24,"minecraft:cobblestone":95,"minecraft:sweet_berries":28,"minecraft:porkchop":6,"minecraft:potato":8,"minecraft:pumpkin":16},"minecraft:picked_up":{"minecraft:stripped_oak_log":1,"minecraft:crafting_table":1,"minecraft:feather":10,"minecraft:chicken":10,"minecraft:andesite":14,"minecraft:oak_log":228,"minecraft:string":2,"minecraft:dirt":261,"minecraft:raw_copper":5,"minecraft:cooked_mutton":2,"minecraft:apple":2,"minecraft:wheat_seeds":13,"minecraft:cobbled_deepslate":11,"minecraft:spruce_planks":6,"minecraft:poppy":1,"minecraft:rabbit":2,"minecraft:birch_sapling":11,"minecraft:oak_planks":109,"minecraft:egg":1,"minecraft:stick":33,"minecraft:raw_iron":2,"minecraft:pumpkin":19,"minecraft:sweet_berries":55,"minecraft:torch":9,"minecraft:porkchop":10,"minecraft:lily_of_the_valley":2,"minecraft:diorite":9,"minecraft:white_bed":2,"minecraft:spruce_log":20,"minecraft:stone_axe":1,"minecraft:peony":3,"minecraft:granite":13,"minecraft:gray_wool":1,"minecraft:oak_sapling":16,"minecraft:coal":14,"minecraft:black_wool":1,"minecraft:mutton":17,"minecraft:white_wool":12,"minecraft:cobblestone":107},"minecraft:killed":{"minecraft:pig":5,"minecraft:rabbit":2,"minecraft:spider":2,"minecraft:sheep":14,"minecraft:goat":1,"minecraft:chicken":10},"minecraft:mined":{"minecraft:spruce_planks":4,"minecraft:white_bed":2,"minecraft:lily_of_the_valley":2,"minecraft:powder_snow":48,"minecraft:crafting_table":1,"minecraft:torch":1,"minecraft:granite":13,"minecraft:grass_block":95,"minecraft:tall_grass":14,"minecraft:copper_ore":1,"minecraft:spruce_leaves":5,"minecraft:oak_planks":24,"minecraft:diorite":9,"minecraft:wall_torch":7,"minecraft:birch_sapling":1,"minecraft:iron_ore":2,"minecraft:sweet_berry_bush":27,"minecraft:spruce_log":21,"minecraft:andesite":14,"minecraft:birch_leaves":26,"minecraft:pumpkin":18,"minecraft:bee_nest":1,"minecraft:peony":4,"minecraft:grass":35,"minecraft:oak_log":232,"minecraft:coal_ore":14,"minecraft:dirt":107,"minecraft:stripped_oak_log":1,"minecraft:stone":102,"minecraft:oak_leaves":107,"minecraft:deepslate":11,"minecraft:fern":1},"minecraft:broken":{"minecraft:stone_pickaxe":1,"minecraft:wooden_shovel":1,"minecraft:stone_axe":1,"minecraft:wooden_axe":5,"minecraft:wooden_pickaxe":2},"minecraft:killed_by":{"minecraft:skeleton":2,"minecraft:creeper":2,"minecraft:zombie":1,"minecraft:pillager":1,"minecraft:enderman":1}},"DataVersion":3465}