{"stats":{"minecraft:dropped":{"minecraft:spider_eye":2,"minecraft:wooden_pickaxe":1},"minecraft:used":{"minecraft:stone_shovel":393,"minecraft:stone_pickaxe":56,"minecraft:birch_sapling":1,"minecraft:wooden_pickaxe":12,"minecraft:blue_bed":1,"minecraft:wooden_sword":15,"minecraft:crafting_table":1,"minecraft:oak_sapling":5},"minecraft:crafted":{"minecraft:wooden_sword":1,"minecraft:stone_shovel":5,"minecraft:crafting_table":1,"minecraft:spruce_planks":28,"minecraft:stick":20,"minecraft:wooden_pickaxe":2,"minecraft:stone_pickaxe":2,"minecraft:birch_planks":52,"minecraft:stone_axe":1},"minecraft:picked_up":{"minecraft:birch_log":13,"minecraft:stick":1,"minecraft:torch":1,"minecraft:golden_leggings":1,"minecraft:wooden_pickaxe":1,"minecraft:spruce_log":7,"minecraft:blue_bed":1,"minecraft:string":2,"minecraft:spider_eye":2,"minecraft:dirt":420,"minecraft:rotten_flesh":4,"minecraft:calcite":1,"minecraft:oak_sapling":5,"minecraft:birch_sapling":1,"minecraft:cobblestone":69},"minecraft:custom":{"minecraft:time_since_rest":2590,"minecraft:interact_with_furnace":3,"minecraft:sprint_one_cm":43561,"minecraft:damage_taken":1056,"minecraft:walk_one_cm":89125,"minecraft:mob_kills":1,"minecraft:drop":3,"minecraft:damage_dealt":472,"minecraft:fly_one_cm":76790,"minecraft:interact_with_crafting_table":10,"minecraft:open_chest":17,"minecraft:crouch_one_cm":54,"minecraft:play_time":34540,"minecraft:deaths":4,"minecraft:sneak_time":10,"minecraft:jump":499,"minecraft:leave_game":1,"minecraft:walk_on_water_one_cm":518,"minecraft:time_since_death":2560,"minecraft:sleep_in_bed":1,"minecraft:total_world_time":34540,"minecraft:fall_one_cm":19007},"minecraft:killed":{"minecraft:zombie":1},"minecraft:broken":{"minecraft:stone_shovel":3,"minecraft:golden_leggings":1},"minecraft:mined":{"minecraft:birch_log":13,"minecraft:fire":3,"minecraft:spruce_log":7,"minecraft:birch_leaves":1,"minecraft:peony":1,"minecraft:grass":1,"minecraft:grass_block":213,"minecraft:dirt":214,"minecraft:stone":68,"minecraft:oak_leaves":4},"minecraft:killed_by":{"minecraft:player":1,"minecraft:zombie":1}},"DataVersion":3465}