{"stats":{"minecraft:dropped":{"minecraft:wheat_seeds":5,"minecraft:mossy_cobblestone":26,"minecraft:amethyst_block":2,"minecraft:item_frame":1,"minecraft:stick":6,"minecraft:spruce_leaves":68,"minecraft:red_bed":1,"minecraft:diorite":1,"minecraft:blue_bed":1,"minecraft:spruce_sapling":3,"minecraft:dandelion":1,"minecraft:smooth_basalt":37,"minecraft:oak_door":3,"minecraft:stone_axe":1,"minecraft:sweet_berries":5,"minecraft:birch_sapling":1,"minecraft:rotten_flesh":3,"minecraft:oak_planks":16,"minecraft:shears":1,"minecraft:lily_of_the_valley":1,"minecraft:poppy":4,"minecraft:gunpowder":2,"minecraft:azalea_leaves":9,"minecraft:peony":1,"minecraft:spider_eye":1,"minecraft:stone_pickaxe":1,"minecraft:calcite":1,"minecraft:egg":1},"minecraft:custom":{"minecraft:mob_kills":38,"minecraft:interact_with_crafting_table":49,"minecraft:bell_ring":34,"minecraft:leave_game":3,"minecraft:time_since_death":63992,"minecraft:sprint_one_cm":740264,"minecraft:walk_one_cm":1739399,"minecraft:damage_blocked_by_shield":210,"minecraft:drop":44,"minecraft:talked_to_villager":2,"minecraft:play_time":404986,"minecraft:sneak_time":769,"minecraft:deaths":17,"minecraft:walk_under_water_one_cm":18953,"minecraft:jump":5405,"minecraft:walk_on_water_one_cm":38438,"minecraft:total_world_time":404986,"minecraft:interact_with_furnace":54,"minecraft:raid_trigger":1,"minecraft:interact_with_stonecutter":1,"minecraft:sleep_in_bed":19,"minecraft:time_since_rest":18805,"minecraft:damage_taken":5991,"minecraft:damage_dealt":4508,"minecraft:swim_one_cm":41637,"minecraft:fly_one_cm":264473,"minecraft:open_chest":114,"minecraft:crouch_one_cm":2061,"minecraft:fall_one_cm":106333},"minecraft:crafted":{"minecraft:black_dye":1,"minecraft:oak_door":3,"minecraft:oak_planks":260,"minecraft:stone_shovel":8,"minecraft:cooked_chicken":10,"minecraft:furnace":1,"minecraft:pink_dye":2,"minecraft:cooked_mutton":1,"minecraft:glass":60,"minecraft:stone_brick_slab":14,"minecraft:stone_pickaxe":14,"minecraft:chest":7,"minecraft:magenta_dye":4,"minecraft:cooked_beef":11,"minecraft:red_dye":8,"minecraft:magenta_bed":1,"minecraft:item_frame":1,"minecraft:crafting_table":4,"minecraft:wooden_pickaxe":1,"minecraft:red_bed":1,"minecraft:bucket":2,"minecraft:pumpkin_seeds":4,"minecraft:stone_axe":5,"minecraft:amethyst_block":1,"minecraft:shield":1,"minecraft:stick":96,"minecraft:iron_ingot":63,"minecraft:iron_pickaxe":4,"minecraft:wooden_axe":1,"minecraft:stone_sword":1,"minecraft:iron_leggings":1,"minecraft:stonecutter":1,"minecraft:torch":84,"minecraft:shears":4},"minecraft:used":{"minecraft:peony":45,"minecraft:stone_sword":61,"minecraft:rose_bush":15,"minecraft:flint_and_steel":54,"minecraft:stone_shovel":963,"minecraft:chest":13,"minecraft:spruce_planks":1,"minecraft:shield":6,"minecraft:cooked_chicken":9,"minecraft:rotten_flesh":2,"minecraft:netherrack":4,"minecraft:oak_door":2,"minecraft:torch":106,"minecraft:dirt":496,"minecraft:lily_of_the_valley":1,"minecraft:snowball":22,"minecraft:glass":27,"minecraft:stone_brick_slab":3,"minecraft:wooden_axe":21,"minecraft:birch_sapling":1,"minecraft:item_frame":2,"minecraft:sweet_berries":2,"minecraft:oak_sapling":1,"minecraft:furnace":6,"minecraft:cooked_beef":11,"minecraft:calcite":242,"minecraft:cooked_mutton":1,"minecraft:water_bucket":3,"minecraft:amethyst_block":58,"minecraft:stone_pickaxe":1636,"minecraft:oak_planks":54,"minecraft:wooden_pickaxe":59,"minecraft:spruce_sign":1,"minecraft:stonecutter":1,"minecraft:blue_bed":1,"minecraft:white_wool":2,"minecraft:crafting_table":10,"minecraft:red_bed":1,"minecraft:magenta_bed":1,"minecraft:white_bed":3,"minecraft:shears":236,"minecraft:spruce_log":11,"minecraft:apple":1,"minecraft:iron_pickaxe":649,"minecraft:flowering_azalea_leaves":26,"minecraft:stone_axe":377,"minecraft:pink_bed":1,"minecraft:cobblestone":254,"minecraft:white_banner":2,"minecraft:cooked_porkchop":4,"minecraft:bucket":3},"minecraft:picked_up":{"minecraft:wooden_axe":4,"minecraft:spruce_leaves":68,"minecraft:charcoal":2,"minecraft:crafting_table":7,"minecraft:chicken":12,"minecraft:lead":2,"minecraft:amethyst_block":278,"minecraft:red_bed":3,"minecraft:item_frame":2,"minecraft:bucket":3,"minecraft:spruce_planks":57,"minecraft:beef":11,"minecraft:rose_bush":23,"minecraft:calcite":600,"minecraft:poppy":4,"minecraft:azalea_leaves":34,"minecraft:sugar_cane":5,"minecraft:chest":14,"minecraft:birch_sapling":3,"minecraft:furnace":5,"minecraft:egg":11,"minecraft:stick":13,"minecraft:raw_iron":84,"minecraft:stone":64,"minecraft:oak_door":4,"minecraft:torch":22,"minecraft:flowering_azalea_leaves":47,"minecraft:porkchop":4,"minecraft:diorite":1,"minecraft:rotten_flesh":5,"minecraft:arrow":1,"minecraft:stone_shovel":3,"minecraft:peony":54,"minecraft:mutton":1,"minecraft:snowball":939,"minecraft:white_wool":18,"minecraft:cobblestone":1402,"minecraft:feather":24,"minecraft:clock":2,"minecraft:lilac":4,"minecraft:andesite":10,"minecraft:leather":12,"minecraft:potato":2,"minecraft:magenta_dye":7,"minecraft:oak_log":173,"minecraft:gunpowder":2,"minecraft:lapis_lazuli":14,"minecraft:blue_bed":3,"minecraft:dirt":1031,"minecraft:white_banner":2,"minecraft:bone":4,"minecraft:apple":1,"minecraft:wheat_seeds":8,"minecraft:grindstone":1,"minecraft:iron_ingot":9,"minecraft:stone_pickaxe":9,"minecraft:oak_planks":212,"minecraft:pink_bed":2,"minecraft:smooth_basalt":37,"minecraft:cooked_porkchop":4,"minecraft:pumpkin":2,"minecraft:sweet_berries":2,"minecraft:stone_brick_slab":1,"minecraft:dandelion":1,"minecraft:sand":76,"minecraft:amethyst_shard":6,"minecraft:spruce_sapling":2,"minecraft:ink_sac":1,"minecraft:white_bed":5,"minecraft:spruce_log":61,"minecraft:lily_of_the_valley":4,"minecraft:spider_eye":1,"minecraft:mossy_cobblestone":26,"minecraft:purple_bed":1,"minecraft:stone_axe":6,"minecraft:crossbow":1,"minecraft:oak_sapling":42,"minecraft:netherrack":6,"minecraft:black_wool":1,"minecraft:coal":253,"minecraft:pink_dye":10},"minecraft:killed":{"minecraft:spider":2,"minecraft:skeleton":1,"minecraft:chicken":12,"minecraft:pig":3,"minecraft:salmon":1,"minecraft:wandering_trader":1,"minecraft:squid":1,"minecraft:sheep":1,"minecraft:trader_llama":2,"minecraft:pillager":3,"minecraft:zombie":5,"minecraft:villager":1,"minecraft:cow":5},"minecraft:broken":{"minecraft:golden_boots":1,"minecraft:shears":1,"minecraft:wooden_pickaxe":1,"minecraft:stone_pickaxe":12,"minecraft:stone_axe":3,"minecraft:iron_pickaxe":2,"minecraft:stone_shovel":6},"minecraft:mined":{"minecraft:spruce_planks":57,"minecraft:white_bed":4,"minecraft:pink_bed":1,"minecraft:mossy_cobblestone":26,"minecraft:oak_door":2,"minecraft:cobblestone_stairs":1,"minecraft:budding_amethyst":37,"minecraft:grass_block":356,"minecraft:spruce_leaves":111,"minecraft:large_fern":11,"minecraft:furnace":5,"minecraft:iron_ore":71,"minecraft:fire":7,"minecraft:snow":20,"minecraft:andesite":11,"minecraft:pumpkin":1,"minecraft:peony":49,"minecraft:flowering_azalea_leaves":51,"minecraft:dirt_path":1,"minecraft:azalea_leaves":80,"minecraft:stone":998,"minecraft:red_bed":1,"minecraft:lily_of_the_valley":2,"minecraft:snow_block":82,"minecraft:medium_amethyst_bud":2,"minecraft:stone_brick_slab":1,"minecraft:dandelion":1,"minecraft:powder_snow":47,"minecraft:crafting_table":7,"minecraft:torch":11,"minecraft:calcite":635,"minecraft:poppy":2,"minecraft:chest":6,"minecraft:rose_bush":23,"minecraft:campfire":1,"minecraft:glass":2,"minecraft:cobblestone":38,"minecraft:lapis_ore":2,"minecraft:grindstone":1,"minecraft:sugar_cane":2,"minecraft:oak_planks":67,"minecraft:diorite":5,"minecraft:blue_bed":3,"minecraft:wall_torch":5,"minecraft:amethyst_block":294,"minecraft:birch_sapling":1,"minecraft:seagrass":1,"minecraft:purple_bed":1,"minecraft:sweet_berry_bush":1,"minecraft:lilac":3,"minecraft:spruce_log":31,"minecraft:birch_leaves":1,"minecraft:grass":29,"minecraft:oak_log":65,"minecraft:coal_ore":150,"minecraft:gravel":1,"minecraft:sand":77,"minecraft:dirt":468,"minecraft:smooth_basalt":50,"minecraft:stonecutter":1,"minecraft:netherrack":4,"minecraft:oak_leaves":64,"minecraft:deepslate":2,"minecraft:fern":2},"minecraft:killed_by":{"minecraft:creeper":2,"minecraft:skeleton":10,"minecraft:zombie":1}},"DataVersion":3465}