{"stats":{"minecraft:mined":{"minecraft:grass":31,"minecraft:poppy":1,"minecraft:oak_log":5,"minecraft:tall_grass":14,"minecraft:dandelion":3,"minecraft:oak_leaves":1},"minecraft:custom":{"minecraft:time_since_rest":1087,"minecraft:deaths":1,"minecraft:play_time":8115,"minecraft:sprint_one_cm":10075,"minecraft:damage_taken":240,"minecraft:walk_one_cm":9277,"minecraft:mob_kills":1,"minecraft:drop":1,"minecraft:jump":148,"minecraft:damage_dealt":110,"minecraft:leave_game":1,"minecraft:time_since_death":1038,"minecraft:total_world_time":8115,"minecraft:interact_with_crafting_table":3,"minecraft:fall_one_cm":6057,"minecraft:fly_one_cm":38829},"minecraft:killed":{"minecraft:pig":1},"minecraft:dropped":{"minecraft:poppy":1},"minecraft:crafted":{"minecraft:wooden_sword":1,"minecraft:oak_planks":16,"minecraft:crafting_table":1,"minecraft:stick":4},"minecraft:picked_up":{"minecraft:apple":1,"minecraft:wheat_seeds":7,"minecraft:dandelion":3,"minecraft:porkchop":1,"minecraft:oak_log":4,"minecraft:poppy":1,"minecraft:egg":1},"minecraft:used":{"minecraft:wooden_sword":10,"minecraft:crafting_table":1,"minecraft:oak_planks":8,"minecraft:dandelion":3}},"DataVersion":3465}