{"stats":{"minecraft:mined":{"minecraft:grass":31,"minecraft:oak_log":5,"minecraft:poppy":1,"minecraft:tall_grass":14,"minecraft:dandelion":3,"minecraft:oak_leaves":1},"minecraft:custom":{"minecraft:time_since_rest":10506,"minecraft:crouch_one_cm":103,"minecraft:damage_taken":715,"minecraft:play_time":19232,"minecraft:walk_one_cm":17110,"minecraft:sprint_one_cm":10669,"minecraft:deaths":2,"minecraft:sneak_time":515,"minecraft:mob_kills":1,"minecraft:drop":1,"minecraft:jump":181,"minecraft:damage_dealt":145,"minecraft:leave_game":2,"minecraft:time_since_death":8995,"minecraft:total_world_time":19232,"minecraft:interact_with_crafting_table":3,"minecraft:fall_one_cm":6266,"minecraft:fly_one_cm":396334},"minecraft:killed":{"minecraft:pig":1},"minecraft:dropped":{"minecraft:poppy":1},"minecraft:crafted":{"minecraft:wooden_sword":1,"minecraft:oak_planks":16,"minecraft:crafting_table":1,"minecraft:stick":4},"minecraft:picked_up":{"minecraft:apple":1,"minecraft:wheat_seeds":7,"minecraft:dandelion":3,"minecraft:porkchop":1,"minecraft:oak_log":4,"minecraft:poppy":1,"minecraft:egg":2},"minecraft:used":{"minecraft:wooden_sword":10,"minecraft:light_blue_glazed_terracotta":32,"minecraft:crafting_table":1,"minecraft:oak_planks":8,"minecraft:dandelion":3},"minecraft:killed_by":{"minecraft:zombie":1}},"DataVersion":3465}